{"bids": [[0.002325, 171.09], [0.002324, 3.53], [0.002323, 5.26], [0.002322, 1.17], [0.002321, 2.29], [0.002318, 83.0], [0.002313, 77.92], [0.002312, 37.98], [0.002311, 7.84], [0.00231, 75.5], [0.002309, 48.09], [0.002308, 2.0], [0.002307, 2.88], [0.002306, 114.33], [0.002305, 57.0], [0.002303, 21.71], [0.002302, 57.59], [0.002301, 177.44], [0.0023, 1159.42], [0.002298, 16.6], [0.002295, 545.73], [0.002291, 527.09], [0.00229, 0.87], [0.002288, 12.0], [0.002287, 80.0], [0.002286, 14.5], [0.00228, 62.63], [0.002278, 150.0], [0.002273, 1.0], [0.00227, 2.0], [0.002269, 4.45], [0.002268, 33.28], [0.002267, 18.0], [0.002263, 2.51], [0.002261, 1.0], [0.002259, 2.0], [0.002258, 0.46], [0.002257, 1.0], [0.002256, 311.12], [0.002253, 75.59], [0.002251, 42.0], [0.00225, 33.76], [0.002249, 545.73], [0.002247, 2.52], [0.002243, 60.6], [0.002242, 3.57], [0.00224, 26.51], [0.002239, 15.0], [0.002236, 2.51], [0.002234, 2.42], [0.00223, 10.0], [0.002227, 50.06], [0.002225, 20.0], [0.002222, 2.0], [0.002215, 4.6], [0.002214, 25.19], [0.002213, 2.0], [0.002211, 18.68], [0.00221, 17.0], [0.002207, 2.8], [0.002205, 46.0], [0.002204, 27.7], [0.002201, 24.96], [0.0022, 160.25], [0.002191, 1.0], [0.00219, 2.52], [0.002182, 77.21], [0.00218, 11.0], [0.00217, 58.21], [0.002168, 5.0], [0.00216, 5.95], [0.00215, 74.81], [0.002145, 107.4], [0.002142, 8.0], [0.002139, 3.0], [0.00213, 60.0], [0.002125, 4.7], [0.002113, 0.9], [0.002112, 108.7], [0.00211, 665.56], [0.002108, 139.17], [0.002105, 48.0], [0.002101, 10.0], [0.0021, 146.99], [0.002099, 200.0], [0.002095, 21.45], [0.002092, 0.48], [0.002089, 5.0], [0.002082, 108.59], [0.00208, 10.0], [0.002078, 4.81], [0.002071, 99.0], [0.002061, 1.4], [0.002059, 37.79], [0.002058, 4.85], [0.002051, 48.75], [0.00205, 27.42], [0.002043, 53.1], [0.002041, 3.12], [0.00204, 37.98]], "asks": [[0.002331, 100.0], [0.002333, 61.72], [0.002335, 6.49], [0.002336, 48.88], [0.002337, 3.09], [0.002339, 1.71], [0.002342, 142.08], [0.002343, 162.8], [0.002347, 42.6], [0.002349, 5.67], [0.00235, 25.53], [0.002357, 10.0], [0.002361, 32.26], [0.002363, 15.19], [0.002365, 13.14], [0.002366, 150.0], [0.00237, 545.73], [0.002372, 129.84], [0.002374, 230.04], [0.002376, 37.88], [0.002383, 38.39], [0.002384, 4.98], [0.00239, 150.0], [0.0024, 87.03], [0.002404, 4.98], [0.002406, 431.94], [0.00241, 477.87], [0.002413, 223.79], [0.002414, 32.42], [0.002424, 4.98], [0.002425, 23.64], [0.002431, 71.4], [0.002434, 10.27], [0.002435, 11.46], [0.00244, 17.44], [0.002445, 11.13], [0.00245, 33.98], [0.002455, 7.56], [0.002456, 3.28], [0.002457, 53.39], [0.002462, 3.03], [0.002463, 100.0], [0.002465, 11.05], [0.00247, 25.0], [0.002475, 10.99], [0.002478, 3.83], [0.002479, 2.89], [0.00248, 20.4], [0.002482, 6.04], [0.002485, 4.98], [0.002489, 38.23], [0.002495, 30.34], [0.002496, 6.48], [0.002499, 1.15], [0.0025, 313.98], [0.002501, 20.0], [0.002503, 0.84], [0.002506, 9.97], [0.002507, 69.0], [0.00251, 106.0], [0.002517, 3.7], [0.002523, 96.31], [0.002525, 3.03], [0.002526, 2.88], [0.00253, 33.54], [0.00254, 0.61], [0.002544, 0.01], [0.002546, 4.98], [0.002548, 52.18], [0.002549, 0.52], [0.00255, 80.33], [0.002559, 0.57], [0.002561, 0.81], [0.002566, 4.98], [0.002567, 0.91], [0.00257, 234.35], [0.002571, 1.6], [0.002574, 1.02], [0.002575, 93.65], [0.002576, 86.48], [0.002577, 500.0], [0.002579, 1.0], [0.00258, 2.6], [0.002587, 4.98], [0.002588, 29.13], [0.002591, 73.04], [0.002595, 2.77], [0.0026, 106.74], [0.002602, 1.15], [0.002607, 4.98], [0.002609, 10.0], [0.00261, 24.21], [0.002612, 24.56], [0.002613, 15.15], [0.002615, 23.93], [0.002616, 2.29], [0.00262, 88.59], [0.002622, 105.88], [0.002623, 2.09], [0.002627, 4.98]], "timestamp": 1519994945043, "datetime": "2018-03-02T12:49:05.430Z"}