{"bids": [[10744.0, 0.131803], [10743.6, 0.027451], [10743.1, 0.486373], [10743.01, 0.033573], [10742.96, 0.002], [10742.12, 0.0023], [10741.99, 0.002], [10741.95, 0.004], [10741.94, 0.002], [10741.53, 0.0023], [10741.0, 0.013651], [10740.95, 0.024476], [10740.45, 0.002], [10740.29, 0.0039], [10740.03, 0.009324], [10740.01, 0.002793], [10740.0, 0.188714], [10739.72, 0.027451], [10738.13, 0.002], [10737.96, 0.001], [10737.01, 0.002], [10737.0, 0.107878], [10736.95, 0.004], [10736.78, 0.001], [10736.48, 0.0015], [10736.0, 0.347242], [10735.95, 0.002], [10735.11, 0.02938], [10735.1, 0.178298], [10735.0, 0.017853], [10734.95, 0.002], [10734.93, 0.001], [10734.75, 0.002], [10734.35, 0.001], [10734.01, 0.01029], [10733.61, 0.006724], [10733.26, 0.0015], [10732.95, 0.002], [10732.8, 0.027442], [10732.54, 0.001], [10731.96, 0.061212], [10731.89, 0.2145], [10731.0, 0.769823], [10730.01, 0.712589], [10730.0, 1.662612], [10728.14, 0.001], [10727.55, 0.010481], [10727.24, 0.02128], [10726.99, 0.002], [10726.97, 0.002], [10726.96, 0.002], [10726.79, 0.002], [10726.73, 0.002], [10725.96, 0.002], [10725.69, 0.0025], [10725.2, 0.02], [10725.0, 0.00721], [10724.22, 1.5], [10724.21, 0.001], [10723.86, 0.002088], [10722.07, 0.036], [10722.06, 0.002], [10721.57, 0.2843], [10721.45, 0.04], [10721.24, 0.75], [10721.0, 0.449843], [10720.82, 0.098158], [10720.29, 0.001], [10720.02, 0.027423], [10720.01, 1.0], [10720.0, 1.151136], [10719.85, 0.027423], [10719.43, 0.010474], [10719.42, 0.001], [10719.02, 0.054856], [10718.95, 0.054854], [10718.78, 0.027426], [10718.38, 0.005], [10718.02, 0.027424], [10716.75, 0.001026], [10716.21, 0.027437], [10716.0, 0.001], [10715.22, 0.00312], [10715.0, 0.02569], [10714.0, 0.00948], [10713.46, 0.02], [10713.38, 0.0013], [10713.3, 0.001], [10713.17, 0.0032], [10712.85, 0.001], [10712.0, 0.006], [10711.01, 0.035934], [10711.0, 0.021292], [10710.37, 0.186734], [10710.0, 0.016372], [10709.9, 0.080856], [10709.3, 0.005], [10709.0, 0.256107], [10708.81, 0.0045], [10708.49, 0.02]], "asks": [[10745.04, 0.141387], [10748.0, 0.089986], [10748.75, 0.0039], [10750.96, 0.99924], [10751.01, 0.007042], [10752.85, 0.080893], [10752.87, 0.0023], [10752.88, 0.0023], [10755.0, 0.520043], [10755.79, 0.027913], [10755.81, 0.005176], [10756.18, 0.03], [10757.01, 0.002], [10757.05, 0.5743], [10757.8, 0.059846], [10757.86, 0.002], [10758.01, 0.002], [10758.05, 0.006], [10758.52, 0.06106], [10758.64, 0.038294], [10758.81, 0.02], [10759.0, 0.073491], [10759.03, 0.00126], [10759.56, 0.002], [10759.75, 0.002], [10759.76, 0.002], [10760.0, 0.84209], [10760.21, 0.00115], [10761.45, 0.0032], [10761.83, 0.02], [10762.06, 0.002], [10762.46, 0.0045], [10762.67, 0.002], [10762.7, 0.002], [10762.83, 0.002], [10763.06, 0.008], [10763.24, 0.75], [10763.51, 0.00312], [10763.8, 0.019549], [10764.21, 0.002], [10764.83, 0.001], [10764.99, 0.036], [10765.0, 0.85925], [10766.0, 0.044381], [10766.79, 0.02], [10766.84, 0.02], [10767.44, 0.02], [10767.62, 0.010478], [10767.75, 0.002145], [10768.0, 0.004654], [10768.06, 0.002], [10768.44, 1.5], [10768.45, 0.005011], [10768.48, 0.001958], [10768.79, 0.2016], [10768.99, 0.2336], [10769.03, 0.010478], [10769.34, 0.185539], [10769.77, 0.285486], [10770.0, 0.752881], [10770.95, 0.052], [10770.96, 0.139], [10771.0, 0.86299], [10772.0, 0.01524], [10772.06, 0.054043], [10772.27, 0.436731], [10772.45, 2.089928], [10773.3, 0.003712], [10773.63, 0.02], [10773.83, 0.002], [10774.0, 0.01], [10774.95, 1.02], [10775.0, 1.510097], [10775.45, 0.009317], [10776.0, 0.113345], [10776.87, 2.0], [10777.0, 0.054228], [10777.01, 1.125432], [10777.12, 0.027388], [10777.46, 0.036449], [10777.75, 0.001276], [10778.0, 2.2e-05], [10778.09, 0.010531], [10778.1, 0.00128], [10778.35, 0.001], [10779.0, 0.058829], [10779.1, 0.464047], [10779.98, 0.015195], [10779.99, 1.524925], [10780.0, 20.996999], [10780.13, 0.147731], [10780.61, 0.847997], [10780.96, 2.0], [10781.04, 0.474049], [10781.37, 0.001], [10782.42, 0.015774], [10783.2, 0.033], [10783.21, 0.046464], [10784.0, 0.109423], [10784.2, 0.16]], "timestamp": 1519925140120, "datetime": "2018-03-01T17:25:40.120Z"}