{"bids": [[10731.4, 0.540623], [10731.39, 0.028542], [10730.87, 0.230527], [10729.08, 0.070261], [10728.22, 0.0023], [10727.83, 0.0023], [10725.86, 1.873892], [10723.73, 0.010483], [10722.58, 0.559607], [10720.41, 0.031375], [10720.0, 0.954844], [10718.65, 0.010483], [10716.0, 0.3], [10714.8, 0.2846], [10714.74, 0.010483], [10714.12, 0.141], [10714.11, 0.2147], [10713.1, 1.954895], [10713.01, 0.367241], [10713.0, 0.2], [10712.71, 0.193171], [10712.29, 0.036973], [10712.0, 0.771665], [10711.17, 0.001], [10711.0, 0.830615], [10710.99, 0.036471], [10710.54, 0.29409], [10710.49, 0.75], [10710.0, 0.130322], [10709.9, 0.080856], [10709.3, 0.005], [10709.0, 0.392947], [10708.81, 0.0045], [10708.25, 0.036], [10708.24, 0.037356], [10708.0, 0.2], [10707.93, 0.027453], [10707.46, 0.003917], [10707.0, 0.791744], [10706.23, 0.02], [10705.39, 0.010492], [10705.37, 0.027443], [10705.02, 0.028944], [10705.0, 0.861512], [10704.74, 0.027452], [10704.3, 0.054896], [10704.0, 0.3], [10703.97, 0.02746], [10703.95, 0.001997], [10703.66, 0.054904], [10703.22, 2.027455], [10702.6, 0.027444], [10702.09, 0.001], [10701.71, 0.056951], [10701.7, 0.3793], [10701.69, 0.169927], [10701.54, 0.002177], [10701.45, 0.002021], [10701.38, 0.05], [10701.0, 0.784378], [10700.98, 0.071098], [10700.66, 0.01162], [10700.65, 0.002204], [10700.49, 0.046648], [10700.33, 0.005], [10700.1, 1.0], [10700.03, 0.271948], [10700.01, 0.586319], [10700.0, 5.634296], [10699.15, 0.00312], [10699.0, 0.030491], [10698.0, 0.046696], [10697.8, 0.004124], [10697.1, 0.0032], [10697.09, 0.001012], [10697.02, 0.001], [10696.3, 0.02], [10696.25, 0.02], [10695.79, 0.006006], [10695.26, 0.001], [10695.0, 0.618699], [10694.51, 0.02], [10693.79, 0.05], [10690.63, 0.2542], [10690.48, 0.02], [10690.0, 0.287906], [10689.99, 0.139308], [10689.2, 0.000982], [10689.0, 0.138046], [10688.48, 3.318776], [10688.0, 0.520766], [10687.7, 0.001], [10687.0, 0.009121], [10686.6, 0.0013], [10686.0, 1.114603], [10685.17, 0.368402], [10685.0, 1.225678], [10684.98, 0.001], [10684.32, 0.061805], [10684.17, 0.001]], "asks": [[10737.79, 1.6e-05], [10738.96, 0.0023], [10739.16, 0.0023], [10742.86, 0.019058], [10743.33, 0.2338], [10744.01, 0.123817], [10744.27, 1.0], [10744.29, 0.021309], [10744.3, 0.00192], [10744.45, 0.002], [10744.8, 0.02], [10744.81, 0.0013], [10744.95, 0.044339], [10745.0, 1.181366], [10745.31, 0.0032], [10745.52, 0.0013], [10745.83, 0.002], [10746.96, 0.002119], [10747.0, 0.002346], [10747.37, 0.00312], [10747.44, 0.001], [10747.55, 0.02], [10747.89, 0.002094], [10747.91, 0.046448], [10747.95, 0.002], [10748.0, 0.010921], [10748.16, 0.02], [10748.52, 0.03], [10748.67, 0.1266], [10749.0, 0.0999], [10749.81, 1.5], [10749.82, 0.02], [10750.0, 0.774622], [10750.1, 2.994], [10750.73, 0.077308], [10751.46, 0.001944], [10751.5, 0.02], [10751.81, 0.02652], [10752.0, 0.09124], [10752.63, 0.00107], [10752.85, 0.080883], [10752.88, 0.13164], [10753.39, 0.073549], [10755.0, 0.230522], [10755.05, 0.002], [10755.79, 0.011901], [10755.81, 0.001], [10756.05, 0.004], [10756.18, 0.03], [10757.01, 0.002], [10757.04, 0.25], [10757.05, 0.5763], [10757.57, 0.139], [10757.58, 0.02], [10757.8, 0.059846], [10757.86, 0.002], [10758.01, 0.002], [10758.05, 0.008], [10758.18, 0.185539], [10758.51, 0.036], [10758.52, 0.06106], [10758.62, 0.2997], [10758.64, 0.038294], [10759.03, 0.00126], [10759.56, 0.002], [10759.75, 0.002], [10759.76, 0.002], [10760.0, 0.733237], [10760.21, 0.00115], [10761.43, 0.004], [10762.06, 0.002], [10762.46, 0.0045], [10762.61, 0.03], [10762.67, 0.002], [10762.7, 0.002], [10762.74, 0.046479], [10762.83, 0.002], [10763.06, 0.008], [10763.8, 0.019549], [10764.2, 0.022], [10764.21, 0.002], [10764.33, 0.002572], [10765.0, 0.215166], [10766.0, 0.044381], [10766.37, 0.106084], [10766.69, 0.0045], [10767.75, 0.002145], [10768.0, 0.004654], [10768.06, 0.002], [10768.43, 0.029511], [10768.44, 1.242233], [10768.45, 0.005011], [10768.48, 0.001958], [10768.54, 0.463233], [10768.74, 0.001], [10770.0, 0.173555], [10770.08, 0.001], [10771.41, 0.001], [10771.69, 2.0], [10772.0, 0.01524]], "timestamp": 1519925842841, "datetime": "2018-03-01T17:37:23.841Z"}