{"bids": [[0.002443, 17.23], [0.002442, 114.43], [0.00244, 129.56], [0.002437, 150.0], [0.002436, 40.78], [0.002435, 300.09], [0.002434, 100.17], [0.002431, 12.34], [0.00243, 120.74], [0.002428, 546.23], [0.002427, 0.5], [0.002422, 1.11], [0.00242, 24.79], [0.002419, 58.43], [0.002416, 153.37], [0.002415, 620.49], [0.002414, 44.04], [0.002413, 205.16], [0.002412, 0.54], [0.002411, 414.76], [0.00241, 5.0], [0.002409, 5.0], [0.002406, 113.4], [0.002405, 19.83], [0.0024, 52.08], [0.002395, 37.58], [0.00239, 2.0], [0.002389, 155.0], [0.002388, 101.0], [0.002385, 100.0], [0.002383, 153.1], [0.002382, 545.73], [0.00238, 12.0], [0.002377, 23.37], [0.002375, 15.6], [0.00237, 2.0], [0.002367, 26.39], [0.002366, 0.61], [0.002365, 150.0], [0.002364, 4.0], [0.002361, 2.49], [0.00236, 36.61], [0.002359, 11.21], [0.002357, 5.0], [0.002356, 244.81], [0.002351, 87.0], [0.00235, 68.57], [0.002349, 1.0], [0.002346, 25.0], [0.002338, 2.81], [0.002336, 0.47], [0.002334, 2.33], [0.00233, 10.0], [0.002329, 18.0], [0.002328, 40.65], [0.002322, 2.3], [0.00232, 5.21], [0.002316, 136.82], [0.002313, 1.03], [0.002311, 41.0], [0.00231, 15.5], [0.002309, 1.29], [0.002307, 100.2], [0.002306, 2.0], [0.002305, 45.0], [0.002301, 10.44], [0.0023, 465.71], [0.002288, 12.0], [0.002286, 14.5], [0.00228, 60.0], [0.002273, 1.0], [0.00227, 75.2], [0.002269, 3.83], [0.002268, 3.28], [0.002267, 18.0], [0.002263, 2.51], [0.002261, 1.0], [0.002259, 2.0], [0.002251, 42.0], [0.00225, 14.27], [0.002247, 2.52], [0.002242, 3.57], [0.00224, 76.3], [0.002236, 2.51], [0.002234, 2.42], [0.00223, 10.0], [0.002227, 50.06], [0.002225, 20.0], [0.002222, 2.0], [0.002213, 2.0], [0.002212, 2.0], [0.002211, 18.68], [0.00221, 7.0], [0.002207, 2.0], [0.002205, 46.0], [0.002201, 24.96], [0.0022, 260.68], [0.002196, 56.39], [0.002191, 1.0], [0.00219, 2.52]], "asks": [[0.002453, 106.5], [0.002454, 30.21], [0.002455, 157.56], [0.002456, 3.28], [0.002459, 59.5], [0.002465, 4.98], [0.002469, 99.0], [0.002472, 234.65], [0.002474, 61.31], [0.002475, 10.0], [0.002478, 3.83], [0.002479, 34.26], [0.002481, 150.0], [0.002482, 4.0], [0.002485, 4.98], [0.002486, 75.2], [0.002489, 38.23], [0.002495, 548.01], [0.002499, 0.71], [0.0025, 26.6], [0.002501, 39.97], [0.002503, 0.84], [0.002506, 159.97], [0.00251, 100.0], [0.002514, 3.73], [0.002517, 102.59], [0.002523, 96.31], [0.002525, 3.03], [0.002526, 2.88], [0.00253, 221.4], [0.002538, 62.21], [0.00254, 0.61], [0.002544, 0.01], [0.002546, 4.98], [0.002548, 0.58], [0.002549, 0.52], [0.00255, 80.33], [0.002559, 10.57], [0.002566, 4.98], [0.002567, 2.48], [0.00257, 288.91], [0.002571, 1.6], [0.002574, 1.02], [0.002576, 86.48], [0.002577, 500.0], [0.00258, 15.58], [0.002586, 32.0], [0.002587, 4.98], [0.002588, 29.13], [0.00259, 477.87], [0.002591, 171.44], [0.002592, 0.89], [0.002595, 2.77], [0.002597, 25.0], [0.0026, 74.37], [0.002602, 1.15], [0.002607, 4.98], [0.002608, 31.19], [0.002609, 1.13], [0.00261, 24.21], [0.002611, 3.91], [0.002612, 69.99], [0.002613, 15.15], [0.002615, 23.93], [0.002616, 2.29], [0.00262, 1.5], [0.002627, 4.98], [0.00263, 4.58], [0.002636, 5.39], [0.00264, 3.85], [0.002642, 3.04], [0.002644, 1.0], [0.002648, 4.98], [0.00265, 153.15], [0.002653, 33.0], [0.00266, 149.3], [0.002661, 1.22], [0.002664, 0.51], [0.002665, 0.77], [0.002668, 4.98], [0.002669, 2.54], [0.00267, 7.99], [0.002672, 17.09], [0.002673, 47.02], [0.00268, 4.44], [0.002681, 2.89], [0.002683, 0.5], [0.002688, 54.19], [0.002689, 3.16], [0.00269, 3.75], [0.002694, 10.0], [0.002695, 1.67], [0.002698, 6.48], [0.0027, 102.45], [0.002704, 7.32], [0.002705, 22.29], [0.002707, 0.79], [0.002708, 76.27], [0.002709, 4.98], [0.00271, 1.35]], "timestamp": 1519925842485, "datetime": "2018-03-01T17:37:22.485Z"}